00HM612,AC ADAPTER,1000,1050198,2.50
00NY420,DISPLAY AUO 14.0 FHD IPS AG ON-CELL,1.000,1050198,96
00RX908,1.8TB 4KN,1000,1050899,473
00Y2428,300GB15KHD,000,1051099,479
01AW324,PLNR WIN,000,1050198,18
01AX003,NB_KYB LAS,000,1050198,955
01EN122,HDD_ASM HDD 500G 7200 7MM SEA SATA3,1000,1050198,9
01FR031,AC_ADAPTER DELTA ADLX65YDC2A 20V3.25A,1000,1050198,21
01HX302,NB_KYB WINDU2 CHY NBL-KB LAS,1000,1050198,48
01LW726,BDPLANAR FRU I7-6500U WIN NY 1.2+2.0 MT,1000,1050198,5254
01YL544,CANPOS2 SP,1000,1051099,385
39J3695,ROHS 35GB,1000,1050899,1539
40N5061,THERM ASM,1000,1051299,953
7430420,TOP CVR PW �,1000,1051299,6970
00NY409,DISPLAY,1000,1050198,63
01AV406,BATTERY,1000,1050198,133
01AX487,KBD BL US,2000,1050198,205
01EN125,HDD 500G,1000,1050198,557
01FR301,MEMORY 8G,1000,1050198,250
01YY080,MONITOR,1000,1050198,480
5B20U53832,BDPLANAR L B360 35W WW WIN DPK,1000,1050199,78
01HX302,NB_KYB WINDU2 CHY NBL-KB LAS,1000,1050198,48
01LW726,BDPLANAR FRU I7-6500U WIN NY 1.2+2.0 MT,1000,1050198,5254
01YL544,CANPOS2 SP,1000,1051099,385
39J3695,ROHS 35GB,1000,1050899,1539
40N5061,THERM ASM,1000,1051299,953
7430420,TOP CVR PW �,1000,1051299,6970
00NY409,DISPLAY,1000,1050198,63
01AV406,BATTERY,1000,1050198,133
01AX487,KBD BL US,2000,1050198,205
01EN125,HDD 500G,1000,1050198,557
01FR301,MEMORY 8G,1000,1050198,250
01YY080,MONITOR,1000,1050198,480
5B20U53832,BDPLANAR L B360 35W WW WIN DPK,1000,1050199,78
